year,sex,mx,qx,lx,dx,Lx,Tx,ex,age,causa,sex_label
2010,female,0.000306657632018127,0.0015309660336829,1e+05,153.096603368293,499242.762558214,6666838.46399496,66.6683846399496,5,sin_homicidios,f
2010,female,0.000407964178991104,0.00203693030889957,99846.9033966317,203.381183778372,498527.062550758,6167595.70143674,61.7705255909299,10,sin_homicidios,f
2010,female,0.0013581919644014,0.00676797928430905,99643.5222128533,674.385294152176,496531.647828886,5669068.63888598,56.8934990753941,15,sin_homicidios,f
2010,female,0.00210122887928967,0.0104512432610369,98969.1369187012,1034.35052527221,492259.808280325,5172536.9910571,52.2641416516152,20,sin_homicidios,f
2010,female,0.00251804525103195,0.0125114651665446,97934.786393429,1225.30766855436,486610.662795759,4680277.18277677,47.7897318729517,25,sin_homicidios,f
2010,female,0.00274977679115597,0.0136550133587379,96709.4787248746,1320.56922390475,480245.970564611,4193666.51998101,43.3635521075595,30,sin_homicidios,f
2010,female,0.00294215548296664,0.0146033639962052,95388.9095009698,1392.99896664373,473462.05008824,3713420.5494164,38.9292693337546,35,sin_homicidios,f
2010,female,0.00379734213850963,0.0188081581636913,93995.9105343261,1767.88995206979,465559.827791456,3239958.49932816,34.4691431883621,40,sin_homicidios,f
2010,female,0.00564627516230632,0.0278384173997266,92228.0205822563,2567.48213291941,454721.397578983,2774398.67153671,30.0819496506734,45,sin_homicidios,f
2010,female,0.00902721892440723,0.0441399423155532,89660.5384493369,3957.61099513518,438408.664758847,2319677.27395772,25.8717749645064,50,sin_homicidios,f
2010,female,0.0138392652265006,0.0668823206948533,85702.9274542017,5732.01067847967,414184.61057481,1881268.60919888,21.9510425732446,55,sin_homicidios,f
2010,female,0.020618569449507,0.098039273332568,79970.9167757221,7840.29056843107,380253.857457533,1467083.99862407,18.3452192093595,60,sin_homicidios,f
2010,female,0.0319937423171978,0.148121322987618,72130.626207291,10684.0837817493,333942.921582082,1086830.14116653,15.0675267679386,65,sin_homicidios,f
2010,female,0.0463775255187342,0.207795074202443,61446.5424255417,12768.288842799,275311.990020711,752887.219584452,12.2527190280359,70,sin_homicidios,f
2010,female,0.0718364564119701,0.30449726991527,48678.2535827427,14822.3953201883,206335.279613243,477575.229563741,9.81085380871285,75,sin_homicidios,f
2010,female,0.0957329133065216,0.386227788136908,33855.8582625543,13076.073252223,136589.108182214,271239.949950499,8.01161051204242,80,sin_homicidios,f
2010,female,0.154323469036239,1,20779.7850103313,20779.7850103313,134650.841768284,134650.841768284,6.47989580745607,85,sin_homicidios,f
2010,female,0.000314069810068564,0.00156791341106736,1e+05,156.791341106727,499224.49111714,6638626.42174156,66.3862642174156,5,todas_causas,f
2010,female,0.000415423766146396,0.0020741216380277,99843.2086588933,207.086959489534,498495.696119003,6139401.93062442,61.4904309776263,10,todas_causas,f
2010,female,0.00138608637450871,0.00690649936089433,99636.1216994037,688.136810838914,496460.266469921,5640906.23450542,56.61507230805,15,todas_causas,f
2010,female,0.00214415756139921,0.010663626568151,98947.9848885648,1055.14436052271,492102.063541517,5144445.96803549,51.9914172464368,20,todas_causas,f
2010,female,0.00257068055070071,0.012771325259873,97892.8405280421,1250.22130699651,486338.649372719,4652343.90449398,47.5248637121862,25,todas_causas,f
2010,female,0.00280636130037187,0.013934046579166,96642.6192210456,1346.62275775865,479846.539210831,4166005.25512126,43.107329754718,30,todas_causas,f
2010,female,0.00300272955284455,0.0149017827059199,95295.996463287,1420.08023204001,472929.781736335,3686158.71591043,38.6811498144156,35,todas_causas,f
2010,female,0.00387652560416278,0.0191965878599349,93875.9162312469,1802.09727386502,464874.337971572,3213228.93417409,34.2284694858143,40,todas_causas,f
2010,female,0.00576502595048498,0.0284155882433716,92073.8189573819,2616.3317274877,453828.26546819,2748354.59620252,29.8494689079275,45,todas_causas,f
2010,female,0.00921382368465183,0.0450318300671689,89457.4872298942,4028.43436317254,437216.35024154,2294526.33073433,25.6493492248188,50,todas_causas,f
2010,female,0.0141183134269147,0.0681849267185638,85429.0528667217,5824.97370935373,412582.830060224,1857309.98049279,21.7409642055893,55,todas_causas,f
2010,female,0.0210361702713052,0.099925715445065,79604.079157368,7954.49456214558,378134.159381476,1444727.15043257,18.1489085198324,60,todas_causas,f
2010,female,0.0326534431802707,0.150945028613422,71649.5845952224,10815.1485968656,331210.051483948,1066592.99105109,14.8862411007224,65,todas_causas,f
2010,female,0.0473284494645489,0.211604915901061,60834.4359983567,12872.8657133207,271990.015708482,735382.939567141,12.0882675658735,70,todas_causas,f
2010,female,0.0733159487439979,0.309797077147097,47961.570285036,14858.3542896892,202661.965700957,463392.92385866,9.66175463198372,75,todas_causas,f
2010,female,0.0976809111555637,0.392544334998739,33103.2159953468,12994.479909213,133029.880203701,260730.958157703,7.87630296084685,80,todas_causas,f
2010,female,0.15746723840011,1,20108.7360861338,20108.7360861338,127701.077954001,127701.077954001,6.35052732339847,85,todas_causas,f
2010,male,0.000523460195938447,0.00261053184496588,1e+05,261.053184496588,498706.848241972,5990392.87810713,59.9039287810714,5,sin_homicidios,m
2010,male,0.000662726013872377,0.00330628863293087,99738.9468155034,329.765746116609,497589.862497987,5491686.02986516,55.0605977424612,10,sin_homicidios,m
2010,male,0.00152451004652101,0.00759360889996171,99409.1810693868,754.874442106389,495158.719241668,4994096.16736718,50.2377759643884,15,sin_homicidios,m
2010,male,0.00217930062757834,0.0108374579406631,98654.3066272804,1069.16189873843,490598.628389556,4498937.44812551,45.603051726091,20,sin_homicidios,m
2010,male,0.00278489220975876,0.0138281860299193,97585.144728542,1349.42553506288,484552.159805053,4008338.81973595,41.0752971764931,25,sin_homicidios,m
2010,male,0.00326560810627403,0.0161958175486833,96235.7191934791,1558.61614972391,477282.055593086,3523786.6599309,36.6162033126851,30,sin_homicidios,m
2010,male,0.00372881024312285,0.0184718561000261,94677.1030437552,1748.86182339159,469013.360660297,3046504.60433781,32.1778392704925,35,sin_homicidios,m
2010,male,0.005085440720772,0.0251079906092079,92928.2412203636,2333.24140789111,458808.10258209,2577491.24367752,27.7363609794942,40,sin_homicidios,m
2010,male,0.00823100721970913,0.040325242689266,90594.9998124725,3653.26535387196,443841.835677683,2118683.14109543,23.3863143162537,45,sin_homicidios,m
2010,male,0.0163851658500912,0.0787019672837735,86941.7344586005,6842.4855409553,417602.458440615,1674841.30541774,19.2639509189371,50,sin_homicidios,m
2010,male,0.0258761028048158,0.121519393243228,80099.2489176452,9733.6121277105,376162.21426895,1257238.84697713,15.6960129335266,55,sin_homicidios,m
2010,male,0.0403805253702865,0.183389242003075,70365.6367899347,12904.3007939699,319567.431964749,881076.63270818,12.5214049485332,60,sin_homicidios,m
2010,male,0.0612036781560199,0.265408456414415,57461.3359959649,15250.7244901991,249179.868754327,561509.20074343,9.77194823285803,65,sin_homicidios,m
2010,male,0.0942503629387342,0.381387126873662,42210.6115057658,16098.5838457644,170806.597914418,312329.331989104,7.39930839301963,70,sin_homicidios,m
2010,male,0.143585569909702,0.528290587013021,26112.0276600015,13794.7384206024,96073.2922485013,141522.734074686,5.41982935670181,75,sin_homicidios,m
2010,male,0.234892420955796,0.739944006898612,12317.2892393991,9114.10435393009,38801.1853121701,45449.4418261843,3.68988995409851,80,sin_homicidios,m
2010,male,0.481808257355413,1,3203.18488546897,3203.18488546897,6648.25651401422,6648.25651401422,2.07551444943862,85,sin_homicidios,m
2010,male,0.000535363316700384,0.00266973655971383,1e+05,266.973655971378,498677.529153151,5893375.27256588,58.9337527256587,5,todas_causas,m
2010,male,0.000677189158476036,0.00337828071865669,99733.0263440286,336.926159911309,497536.258066416,5394697.74341272,54.0913871880689,10,todas_causas,m
2010,male,0.00185646121048035,0.00923942446956448,99396.1001841173,918.362760220421,494684.594020036,4897161.48534631,49.2691511666454,15,todas_causas,m
2010,male,0.00265392942046483,0.0131821856266725,98477.7374238969,1298.15181481652,489143.307582443,4402476.89132627,44.7053009796096,20,todas_causas,m
2010,male,0.00339870056956207,0.016850329784223,97179.5856090804,1637.50806580714,481804.157880884,3913333.58374383,40.2690910772743,25,todas_causas,m
2010,male,0.00398327158658272,0.0197199828148281,95542.0775432732,1884.08812724632,473000.16739825,3431529.42586295,35.9164204306603,30,todas_causas,m
2010,male,0.00454785737353443,0.0224836557190573,93657.9894160269,2105.77398936906,463025.512106712,2958529.2584647,31.5886479830671,35,todas_causas,m
2010,male,0.00620206616151006,0.0305368518684199,91552.2154266579,2795.71644070953,450771.786031515,2495503.74635798,27.2577100917577,40,todas_causas,m
2010,male,0.010034951106565,0.0489468084585648,88756.4989859483,4344.34735531801,432921.626541447,2044731.96032647,23.0375463621,45,todas_causas,m
2010,male,0.0167189984808706,0.0802411147167224,84412.1516306303,6773.32514247877,405127.445296955,1611810.33378502,19.0945296695902,50,todas_causas,m
2010,male,0.0264002466651114,0.123828477453231,77638.8264881515,9613.89767528337,364159.388252549,1206682.88848807,15.5422607871619,55,todas_causas,m
2010,male,0.0412119527653512,0.186812494571147,68024.9288128682,12707.9066445566,308354.877452949,842523.500235517,12.3855109433961,60,todas_causas,m
2010,male,0.0624504493557192,0.270084933175974,55317.0221683116,14940.2942358223,239234.375252002,534168.622782568,9.65649635219459,65,todas_causas,m
2010,male,0.0961787972330318,0.387677981281659,40376.7279324893,15653.1683756262,162750.718723381,294934.247530566,7.30456038992812,70,todas_causas,m
2010,male,0.146493097119473,0.536120576423116,24723.559556863,13254.8090008567,90480.7752821736,132183.528807185,5.34646026609433,75,todas_causas,m
2010,male,0.23969671764066,0.749407370807571,11468.7505560064,8594.76620062461,35856.8372784704,41702.7535250114,3.63620721554284,80,todas_causas,m
2010,male,0.491622567648364,1,2873.98435538177,2873.98435538177,5845.916246541,5845.916246541,2.03408074772364,85,todas_causas,m
2019,female,0.000231400730953171,0.00115568087458718,1e+05,115.568087458712,499428.359550454,6831482.77471972,68.3148277471972,5,sin_homicidios,f
2019,female,0.000314837913860304,0.0015724675335994,99884.4319125413,157.065026294498,498875.832229602,6332054.41516927,63.3938071621973,10,sin_homicidios,f
2019,female,0.000937844768485616,0.00467825514963377,99727.3668862468,466.550067695003,497470.459261997,5833178.58293966,58.491252351957,15,sin_homicidios,f
2019,female,0.00157801998024052,0.00785909537737235,99260.8168185518,780.100226612893,494353.833526227,5335708.12367767,53.7544249049584,20,sin_homicidios,f
2019,female,0.001915545756641,0.00953208094021256,98480.7165919389,938.726161604485,490056.767555683,4841354.29015144,49.1604291448437,25,sin_homicidios,f
2019,female,0.00211927326842516,0.0105405207325663,97541.9904303344,1028.14337242673,485139.593720605,4351297.52259576,44.6094805262714,30,sin_homicidios,f
2019,female,0.00257158508356994,0.0127757903381885,96513.8470579077,1233.04067474381,479486.633602679,3866157.92887515,40.0580646894687,35,sin_homicidios,f
2019,female,0.00376340931506783,0.018641656119617,95280.8063831639,1776.19202739475,471963.551847333,3386671.29527247,35.5441082399456,40,sin_homicidios,f
2019,female,0.00555783008551517,0.0274083234163831,93504.6143557691,2562.8047111871,461116.060000878,2914707.74342514,31.1718064772202,45,sin_homicidios,f
2019,female,0.00804066155632751,0.0394110798941421,90941.809644582,3584.11492562048,445748.760908859,2453591.68342426,26.9797983239323,50,sin_homicidios,f
2019,female,0.0127305897330672,0.0616895866201759,87357.6947189616,5389.06007530427,423315.823406547,2007842.9225154,22.9841564498106,55,sin_homicidios,f
2019,female,0.0187933189761187,0.0897498509387173,81968.6346436573,7356.67274091842,391451.49136599,1584527.09910886,19.330895360125,60,sin_homicidios,f
2019,female,0.0284740629598447,0.132909155635464,74611.9619027389,9916.6128567984,348268.277371698,1193075.60774287,15.9904065959037,65,sin_homicidios,f
2019,female,0.04078777532595,0.185067633946012,64695.3490459405,11973.0151752436,293544.207291593,844807.330371169,13.0582390052686,70,sin_homicidios,f
2019,female,0.0629483312896763,0.271945385846043,52722.3338706969,14337.5954271705,227767.680785558,551263.123079576,10.4559696547495,75,sin_homicidios,f
2019,female,0.0924052516986388,0.375321958406701,38384.7384435263,14406.6352055533,155907.104203748,323495.442294018,8.42770995482909,80,sin_homicidios,f
2019,female,0.143077397336905,1,23978.103237973,23978.103237973,167588.338090269,167588.338090269,6.98922414450477,85,sin_homicidios,f
2019,female,0.000238753050993455,0.00119235713873577,1e+05,119.235713873582,499410.220633561,6803480.56631662,68.0348056631662,5,todas_causas,f
2019,female,0.000322398557789401,0.00161018709449741,99880.7642861264,160.826717642049,498844.407818707,6304070.34568306,63.1159602225702,10,todas_causas,f
2019,female,0.000956694899544702,0.00477206098171969,99719.9375684844,475.869623170089,497410.013784497,5805225.93786435,58.2152985593028,15,todas_causas,f
2019,female,0.00161268091528636,0.00803102587105076,99244.0679453143,797.03167721715,494227.760533529,5307815.92407986,53.4824502256859,20,todas_causas,f
2019,female,0.00195231617953905,0.00971416807891717,98447.0362680971,956.33105717953,489844.353697537,4813588.16354633,48.8952064584013,25,todas_causas,f
2019,female,0.00215889947245095,0.0107365495344401,97490.7052109176,1046.71378564453,484836.741590477,4323743.80984879,44.3503183251627,30,todas_causas,f
2019,female,0.00262589997320082,0.0130438701205044,96443.9914252731,1258.0028980543,479074.94988123,3838907.06825832,39.8045229311438,35,todas_causas,f
2019,female,0.00384039490053399,0.0190193697759229,95185.9885272188,1810.37751328593,471403.998852879,3359832.11837709,35.2975492544928,40,todas_causas,f
2019,female,0.00567009133835181,0.0279541995301923,93375.6110139328,2610.24046153709,460352.453915822,2888428.11952421,30.9334320617534,45,todas_causas,f
2019,female,0.00820767588906314,0.0402132364178948,90765.3705523957,3649.96930458133,444701.929500525,2428075.66560839,26.7511238133131,50,todas_causas,f
2019,female,0.0129905946959267,0.0629098815458076,87115.4012478144,5480.41957331549,421875.957305783,1983373.73610786,22.7671996879842,55,todas_causas,f
2019,female,0.0191770479349133,0.0914985590427221,81634.9816744989,7469.48319069568,389501.200395755,1561497.77880208,19.1278021599637,60,todas_causas,f
2019,female,0.0290606180134159,0.135461595836825,74165.4984838032,10046.5767806496,345711.050467392,1171996.57840632,15.8024499580795,65,todas_causas,f
2019,female,0.041613437840914,0.188460922042435,64118.9217031536,12083.911104543,290384.830754411,826285.52793893,12.8867658093865,70,todas_causas,f
2019,female,0.064218596658903,0.276673951113119,52035.0105986106,14396.7319785306,224183.223046727,535900.697184519,10.2988486217168,75,todas_causas,f
2019,female,0.0943177808925529,0.38160788277634,37638.27862008,14363.0638155547,152283.733561513,311717.474137792,8.28192695219306,80,todas_causas,f
2019,female,0.145986757385207,1,23275.2148045253,23275.2148045253,159433.740576279,159433.740576279,6.84993637718356,85,todas_causas,f
2019,male,0.000458709729795225,0.00228834873812325,1e+05,228.834873812317,498866.404936474,6121485.64688123,61.2148564688123,5,sin_homicidios,m
2019,male,0.000584111228825734,0.00291485194496836,99771.1651261877,290.818174719825,497881.49990623,5622619.24194476,56.3551526619282,10,sin_homicidios,m
2019,male,0.00117275993277989,0.00584665784873525,99480.3469514679,581.62755129872,495947.665879093,5124737.74203853,51.5150770889316,15,sin_homicidios,m
2019,male,0.00170070375469385,0.00846751692888451,98898.7194001691,837.426580765925,492400.030548931,4628790.07615943,46.8033368301786,20,sin_homicidios,m
2019,male,0.00220182731812912,0.0109488678000836,98061.2928194032,1073.66013138494,487622.313768554,4136390.0456105,42.18167970953,25,sin_homicidios,m
2019,male,0.00258698730876507,0.0128518178198392,96987.6326880183,1246.46738608388,481821.994974882,3648767.73184195,37.6209587832606,30,sin_homicidios,m
2019,male,0.00336260889208287,0.0166728834946747,95741.1653019344,1596.28129472355,474715.123272863,3166945.73686707,33.0782033713463,35,sin_homicidios,m
2019,male,0.00523732752354269,0.0258481989087662,94144.8840072109,2433.47568806111,464640.730815902,2692230.61359421,28.5966746040921,40,sin_homicidios,m
2019,male,0.00809210616972609,0.0396582342436223,91711.4083191497,3637.11251393333,449464.260310915,2227589.8827783,24.2891252419376,45,sin_homicidios,m
2019,male,0.0144662817605026,0.0698067968233995,88074.2958052164,6148.18447263872,425001.017844485,1778125.62246739,20.1889280659122,50,sin_homicidios,m
2019,male,0.0238014969878068,0.112323798556528,81926.1113325777,9202.25202584016,386624.926598288,1353124.6046229,16.5164021898942,55,sin_homicidios,m
2019,male,0.0355353075016808,0.163179916253029,72723.8593067375,11867.0732712705,333951.613355511,966499.678024615,13.2899943325075,60,sin_homicidios,m
2019,male,0.0547455000050489,0.240774235278594,60856.786035467,14652.7461192026,267652.064879329,632548.064669104,10.3940432263455,65,sin_homicidios,m
2019,male,0.08136980943212,0.338076081373335,46204.0399162644,15620.4807585078,191968.997685053,364895.999789775,7.89749122481663,70,sin_homicidios,m
2019,male,0.133910612682557,0.501621842689145,30583.5591577566,15341.3813007063,114564.342537017,172927.002104723,5.65424714673423,75,sin_homicidios,m
2019,male,0.221707157098325,0.71322053982165,15242.1778570503,10871.034319263,49033.3034870939,58362.6595677056,3.82902365495689,80,sin_homicidios,m
2019,male,0.468536467042073,1,4371.14353778728,4371.14353778728,9329.35608061169,9329.35608061169,2.1343055884489,85,sin_homicidios,m
2019,male,0.000465818550190188,0.00232373062976769,1e+05,232.373062976767,498848.881998996,6031033.42122531,60.3103342122531,5,todas_causas,m
2019,male,0.000595082744898887,0.00296949340774662,99767.6269370232,296.259310496011,497845.573637585,5532184.53922631,55.4506978773627,10,todas_causas,m
2019,male,0.00143196442889586,0.00713428204917896,99471.3676265272,709.656792465219,495582.696151473,5034338.96558873,50.6109354451678,15,todas_causas,m
2019,male,0.00207005000200862,0.0102969619448068,98761.710834062,1016.94557806235,491266.190225154,4538756.26943725,45.956638773332,20,todas_causas,m
2019,male,0.00268321588721832,0.0133266835137714,97744.7652559996,1302.61355169458,485467.292400762,4047490.0792121,41.4087656624012,25,todas_causas,m
2019,male,0.00315519370327448,0.0156525018283492,96442.1517043051,1509.56095588156,478436.856131821,3562022.78681134,36.934294018373,30,todas_causas,m
2019,male,0.00409933101887674,0.0202887295484547,94932.5907484235,1926.0616590289,469847.799594545,3083585.93067952,32.4818474495359,35,todas_causas,m
2019,male,0.00638702440400629,0.0314332103165611,93006.5290893946,2923.4937896803,457723.910972772,2613738.13108497,28.1027381268334,40,todas_causas,m
2019,male,0.00986807118122185,0.048152426964035,90083.0352997143,4337.71677796807,439570.884553651,2156014.2201122,23.933632042248,45,todas_causas,m
2019,male,0.0147620318280279,0.0711831397052691,85745.3185217462,6103.62098740626,413467.540140215,1716443.33555855,20.017924770123,50,todas_causas,m
2019,male,0.0242909690566946,0.114501466343719,79641.69753434,9119.0911497849,375410.759797238,1302975.79541833,16.36047241279,55,todas_causas,m
2019,male,0.0362617758924238,0.166238611293626,70522.6063845551,11723.5801501754,323304.081547337,927565.035621095,13.1527333315383,60,todas_causas,m
2019,male,0.0558579124263004,0.245067205827347,58799.0262343796,14409.7130646283,257970.848510327,604260.954073758,10.2767170269981,65,todas_causas,m
2019,male,0.0830377942826298,0.343814895088907,44389.3131697513,15261.7070505267,183792.29822244,346290.105563431,7.80120440789804,70,todas_causas,m
2019,male,0.136652831887316,0.509278340735598,29127.6061192246,14834.0589139988,108552.883311126,162497.807340991,5.57882466124601,75,todas_causas,m
2019,male,0.226236557119994,0.72252746840726,14293.5472052259,10327.4804767515,45649.0348342505,53944.9240298643,3.77407534010463,80,todas_causas,m
2019,male,0.478076145299926,1,3966.06672847435,3966.06672847435,8295.8891956138,8295.8891956138,2.09171699912498,85,todas_causas,m
2021,female,0.000277590061189892,0.0013860472322251,1e+05,138.60472322251,499314.43016504,6446873.76489523,64.4687376489523,5,sin_homicidios,f
2021,female,0.00029923473252884,0.00149461796787266,99861.3952767775,149.254635677513,498787.805867827,5947559.33473019,59.5581437475997,10,sin_homicidios,f
2021,female,0.000796875212689842,0.00397645421894553,99712.1406411,396.500762332391,497569.451299669,5448771.52886236,54.6450160815869,15,sin_homicidios,f
2021,female,0.00163248226250924,0.0081292342358019,99315.6398787676,807.360099853046,494559.799144205,4951202.07756269,49.8531961693699,20,sin_homicidios,f
2021,female,0.00230609200745024,0.0114643653340826,98508.2797789145,1129.33490781751,489718.061625029,4456642.27841849,45.2412963501209,25,sin_homicidios,f
2021,female,0.0026894000760266,0.0133571932885189,97378.944871097,1300.70938887526,483642.950883297,3966924.21679346,40.7369808950444,30,sin_homicidios,f
2021,female,0.00384699108507984,0.0190517258763945,96078.2354822218,1830.45620509496,475815.036898372,3483281.26591016,36.2546340326442,35,sin_homicidios,f
2021,female,0.00523260556554642,0.0258251951776869,94247.7792771268,2433.96729489537,465153.978148396,3007466.22901179,31.9102078805339,40,sin_homicidios,f
2021,female,0.00784814799541924,0.0384856375295218,91813.8119822314,3533.51308815183,450235.277190778,2542312.2508634,27.6898670905354,45,sin_homicidios,f
2021,female,0.0109289903615598,0.0531916249176959,88280.2988940796,4695.77254639597,429662.063104408,2092076.97367262,23.6981183784021,50,sin_homicidios,f
2021,female,0.0180070053082284,0.0861564762291506,83584.5263476837,7201.34825739902,399919.261094921,1662414.91056821,19.8890271107492,55,sin_homicidios,f
2021,female,0.0274748857419364,0.128545028764673,76383.1780902846,9818.67782475281,357369.195889541,1262495.64947329,16.5284514344379,60,sin_homicidios,f
2021,female,0.0401673792335219,0.182509568534891,66564.5002655318,12148.6582232028,302450.855769652,905126.453583749,13.5977352789117,65,sin_homicidios,f
2021,female,0.0571151494983268,0.249893925244041,54415.842042329,13598.1883634173,238083.739303102,602675.597814097,11.0753702450343,70,sin_homicidios,f
2021,female,0.0822262338321967,0.341027625887353,40817.6536789117,13919.9475284114,169288.39957353,364591.858510995,8.93221010151694,75,sin_homicidios,f
2021,female,0.106953791582475,0.421946904662119,26897.7061505003,11349.4038527148,106115.021120714,195303.458937465,7.2609707996915,80,sin_homicidios,f
2021,female,0.174330918652611,1,15548.3022977854,15548.3022977854,89188.4378167507,89188.4378167507,5.73621711930915,85,sin_homicidios,f
2021,female,0.000284929145233793,0.00142264077410704,1e+05,142.264077410699,499296.333107559,6419914.70816841,64.1991470816841,5,todas_causas,f
2021,female,0.000306818018788673,0.00153245458825863,99857.7359225893,153.027445587693,498756.383969388,5920618.37506086,59.2905328802025,10,todas_causas,f
2021,female,0.000811925474438788,0.00405140377735875,99704.7084770016,403.944032544183,497513.682303648,5421861.99109147,54.3791970701374,15,todas_causas,f
2021,female,0.00166255756615057,0.00827837962405426,99300.7644444574,822.049425030011,494448.698659712,4924348.30878782,49.5902356476036,20,todas_causas,f
2021,female,0.00235374253730496,0.0116998665028534,98478.7150194274,1152.18781909984,489513.105549388,4429899.61012811,44.9833206013523,25,todas_causas,f
2021,female,0.00274206509724846,0.0136169788799506,97326.5272003276,1325.2932653458,483319.402838273,3940386.50457872,40.4862540350197,30,todas_causas,f
2021,female,0.00392839631404298,0.019450953930898,96001.2339349818,1867.31557857869,475337.880728462,3457067.10174045,36.0106527805861,35,todas_causas,f
2021,female,0.00533712732639347,0.0263342633407268,94133.9183564031,2478.94739529199,464472.223293785,2981729.22101199,31.6753968502913,40,todas_causas,f
2021,female,0.0080046105332074,0.0392378435270447,91654.9709611111,3596.3434090479,449283.996282936,2517256.9977182,27.4644896105664,45,todas_causas,f
2021,female,0.0111474072797694,0.0542258425197075,88058.6275520632,4775.05327013976,428355.504584967,2067973.00143526,23.484047604678,50,todas_causas,f
2021,female,0.0183691832563727,0.0878132711085283,83283.5742819234,7313.40308730578,398134.363691353,1639617.4968503,19.6871653382698,55,todas_causas,f
2021,female,0.0280413358247461,0.131021625613406,75970.1711946177,9953.73532804758,354966.517652969,1241483.13315895,16.3417182512141,60,todas_causas,f
2021,female,0.0409877367042961,0.185890596462461,66016.4358665701,12271.8346395625,299402.592733944,886516.615505976,13.428725799402,65,todas_causas,f
2021,female,0.0582677164669406,0.254295532385136,53744.6012270076,13667.0119818487,234555.476180416,587114.022772031,10.9241488329622,70,todas_causas,f
2021,female,0.0839043106312112,0.346780587764409,40077.5892451589,13898.1299546167,165642.621339252,352558.546591615,8.79690004393671,75,todas_causas,f
2021,female,0.109114275125877,0.428643550012024,26179.4592905421,11221.6563676932,102843.155533478,186915.925252363,7.13979319350916,80,todas_causas,f
2021,female,0.177914953591554,1,14957.8029228489,14957.8029228489,84072.7697188854,84072.7697188854,5.62066301799307,85,todas_causas,f
2021,male,0.000498357945521686,0.00248565340246078,1e+05,248.565340246074,498768.691218272,5791896.21860146,57.9189621860146,5,sin_homicidios,m
2021,male,0.000502596324725593,0.00250875712644126,99751.4346597539,250.252122575403,497918.727742448,5293127.52738318,53.0631719276792,10,sin_homicidios,m
2021,male,0.00104806146132071,0.0052266127780388,99501.1825371785,520.054152078781,496205.777305696,4795208.79964074,48.1924805049328,15,sin_homicidios,m
2021,male,0.00200132126514564,0.009956789489384,98981.1283850998,985.534258752145,492441.806278618,4299003.02233504,43.4325521690274,20,sin_homicidios,m
2021,male,0.00263870259460072,0.0131070489627397,97995.5941263476,1284.43305034681,486766.888005871,3806561.21605642,38.844207742121,25,sin_homicidios,m
2021,male,0.00341998675666783,0.0169549693566902,96711.1610760008,1639.73477249352,479456.46844877,3319794.32805055,34.3268997198956,30,sin_homicidios,m
2021,male,0.00487742035476237,0.024093318666616,95071.4263035073,2290.58617002009,469630.666092486,2840337.85960178,29.8758309414045,35,sin_homicidios,m
2021,male,0.00741145632391784,0.0363831512780302,92780.8401334872,3375.6593422794,455465.052311737,2370707.19350929,25.551689229139,40,sin_homicidios,m
2021,male,0.0112699943967052,0.054805818806389,89405.1807912078,4899.9241387954,434776.09360905,1915242.14119756,21.4220487476035,45,sin_homicidios,m
2021,male,0.0202366176587979,0.0963105869809213,84505.2566524124,8138.75087116724,402179.406084144,1480466.04758851,17.5192184041044,50,sin_homicidios,m
2021,male,0.0332771532041168,0.153606775515532,76366.5057812452,11730.4127104453,352506.497130112,1078286.64150436,14.1198897405776,55,sin_homicidios,m
2021,male,0.0518893122422101,0.229654965658483,64636.0930707998,14843.999734473,286070.466017817,725780.14437425,11.2287130903667,60,sin_homicidios,m
2021,male,0.0739832569317334,0.312176668056395,49792.0933363268,15543.9297932875,210100.642198415,439709.678356433,8.83091368314965,65,sin_homicidios,m
2021,male,0.111646773552182,0.436421294234138,34248.1635430393,14946.6278585956,133874.248068707,229609.036158018,6.70427294209428,70,sin_homicidios,m
2021,male,0.167715577784678,0.590843670131908,19301.5356844437,11404.1901829787,67997.2029647716,95734.7880893105,4.95995705494404,75,sin_homicidios,m
2021,male,0.252046094293626,0.77309287333949,7897.34550146498,6105.38152548226,24223.2736936192,27737.5851245389,3.51226689010802,80,sin_homicidios,m
2021,male,0.509904717099523,1,1791.96397598272,1791.96397598272,3514.31143091968,3514.31143091968,1.96115071397706,85,sin_homicidios,m
2021,male,0.000505459441811601,0.00252098500092925,1e+05,252.098500092921,498751.193942262,5690715.16132133,56.9071516132133,5,todas_causas,m
2021,male,0.000509929190774751,0.00254529736758761,99747.9014999071,253.888071110094,497888.874971762,5191963.96737907,52.0508591088897,10,todas_causas,m
2021,male,0.00128079462461036,0.00638353313573612,99494.013428797,635.123331530107,495882.25881516,4694075.09240731,47.1794727204027,15,todas_causas,m
2021,male,0.00244136439932845,0.012132770710448,98858.8900972669,1199.43224623952,491295.869870736,4198192.83359215,42.4665179779134,20,todas_causas,m
2021,male,0.00322131325422507,0.015977891784674,97659.4578510274,1560.39224929365,484396.308631903,3706896.96372141,37.9573780695775,25,todas_causas,m
2021,male,0.00417280795998849,0.0206486328511322,96099.0656017337,1984.31432294707,475534.542201301,3222500.65508951,33.5331112213371,30,todas_causas,m
2021,male,0.00594781719036048,0.029303358404666,94114.7512787866,2757.87828788828,463679.060674212,2746966.11288821,29.1874129779204,35,todas_causas,m
2021,male,0.00903675233225285,0.0441855274897766,91356.8729908984,4036.65162291937,446692.735897193,2283287.052214,24.993051726294,40,todas_causas,m
2021,male,0.0137474765955617,0.066453464362756,87320.221367979,5802.73121882496,422094.278792833,1836594.3163168,21.0328637232509,45,todas_causas,m
2021,male,0.0206450553275155,0.0981590301183557,81517.490149154,8001.67777072356,387583.256318961,1414500.03752397,17.3521048665242,50,todas_causas,m
2021,male,0.0339501466393886,0.156470262320713,73515.8123784305,11503.0384475734,338821.465773219,1026916.78120501,13.9686517496243,55,todas_causas,m
2021,male,0.052944118559442,0.233777706299961,62012.7739308571,14497.2040508538,273820.859527151,688095.315431792,11.0960254124256,60,todas_causas,m
2021,male,0.0754962564875464,0.317547217070567,47515.5698800033,15088.4369829171,199856.756942724,414274.455904641,8.71870961351948,65,todas_causas,m
2021,male,0.113940864063734,0.443400679069583,32427.1328970862,14378.2127468476,126190.132618312,214417.698961917,6.61229284878233,70,todas_causas,m
2021,male,0.171156946222843,0.599334201762695,18048.9201502386,10817.3351509218,63201.2628738882,88227.5663436056,4.88824625568746,75,todas_causas,m
2021,male,0.257220431672515,0.782752389538263,7231.58499931671,5660.54043836422,22006.573900673,25026.3034697174,3.46069409017277,80,todas_causas,m
2021,male,0.520260018333249,1,1571.0445609525,1571.0445609525,3019.7295690444,3019.7295690444,1.92211579741163,85,todas_causas,m
