"year","sex","age","deaths"
1990,"male",0,24
1991,"male",0,21
1992,"male",0,22
1993,"male",0,19
1994,"male",0,18
1995,"male",0,17
1996,"male",0,16
1997,"male",0,17
1998,"male",0,15
1999,"male",0,13
2000,"male",0,13
2001,"male",0,15
2002,"male",0,14
2003,"male",0,13
2004,"male",0,12
2005,"male",0,12
2006,"male",0,11
2007,"male",0,15
2008,"male",0,11
2009,"male",0,12
2010,"male",0,14
2011,"male",0,14
2012,"male",0,19
2013,"male",0,18
2014,"male",0,21
2015,"male",0,19
2016,"male",0,20
2017,"male",0,18
2018,"male",0,17
2019,"male",0,16
2020,"male",0,14
2021,"male",0,14
2022,"male",0,14
2023,"male",0,14
2024,"male",0,12
1990,"male",1,5
1991,"male",1,4
1992,"male",1,3
1993,"male",1,4
1994,"male",1,3
1995,"male",1,3
1996,"male",1,3
1997,"male",1,3
1998,"male",1,2
1999,"male",1,2
2000,"male",1,2
2001,"male",1,2
2002,"male",1,2
2003,"male",1,2
2004,"male",1,3
2005,"male",1,3
2006,"male",1,2
2007,"male",1,3
2008,"male",1,3
2009,"male",1,2
2010,"male",1,2
2011,"male",1,2
2012,"male",1,3
2013,"male",1,2
2014,"male",1,3
2015,"male",1,3
2016,"male",1,3
2017,"male",1,3
2018,"male",1,2
2019,"male",1,3
2020,"male",1,2
2021,"male",1,2
2022,"male",1,2
2023,"male",1,3
2024,"male",1,2
1990,"male",5,2
1991,"male",5,2
1992,"male",5,2
1993,"male",5,2
1994,"male",5,2
1995,"male",5,1
1996,"male",5,2
1997,"male",5,2
1998,"male",5,2
1999,"male",5,2
2000,"male",5,1
2001,"male",5,1
2002,"male",5,2
2003,"male",5,1
2004,"male",5,2
2005,"male",5,2
2006,"male",5,2
2007,"male",5,2
2008,"male",5,2
2009,"male",5,2
2010,"male",5,2
2011,"male",5,1
2012,"male",5,1
2013,"male",5,1
2014,"male",5,2
2015,"male",5,1
2016,"male",5,1
2017,"male",5,1
2018,"male",5,1
2019,"male",5,1
2020,"male",5,2
2021,"male",5,1
2022,"male",5,1
2023,"male",5,2
2024,"male",5,2
1990,"male",10,2
1991,"male",10,2
1992,"male",10,2
1993,"male",10,2
1994,"male",10,2
1995,"male",10,2
1996,"male",10,1
1997,"male",10,1
1998,"male",10,2
1999,"male",10,1
2000,"male",10,2
2001,"male",10,2
2002,"male",10,2
2003,"male",10,2
2004,"male",10,1
2005,"male",10,2
2006,"male",10,2
2007,"male",10,2
2008,"male",10,2
2009,"male",10,2
2010,"male",10,2
2011,"male",10,2
2012,"male",10,2
2013,"male",10,2
2014,"male",10,2
2015,"male",10,2
2016,"male",10,1
2017,"male",10,2
2018,"male",10,2
2019,"male",10,1
2020,"male",10,2
2021,"male",10,1
2022,"male",10,2
2023,"male",10,2
2024,"male",10,2
1990,"male",15,41
1991,"male",15,35
1992,"male",15,38
1993,"male",15,33
1994,"male",15,43
1995,"male",15,29
1996,"male",15,34
1997,"male",15,34
1998,"male",15,36
1999,"male",15,34
2000,"male",15,30
2001,"male",15,33
2002,"male",15,30
2003,"male",15,27
2004,"male",15,25
2005,"male",15,25
2006,"male",15,31
2007,"male",15,34
2008,"male",15,31
2009,"male",15,41
2010,"male",15,44
2011,"male",15,49
2012,"male",15,64
2013,"male",15,51
2014,"male",15,47
2015,"male",15,35
2016,"male",15,34
2017,"male",15,36
2018,"male",15,37
2019,"male",15,34
2020,"male",15,32
2021,"male",15,32
2022,"male",15,30
2023,"male",15,33
2024,"male",15,33
1990,"male",20,47
1991,"male",20,49
1992,"male",20,46
1993,"male",20,57
1994,"male",20,54
1995,"male",20,46
1996,"male",20,45
1997,"male",20,53
1998,"male",20,47
1999,"male",20,39
2000,"male",20,40
2001,"male",20,41
2002,"male",20,45
2003,"male",20,38
2004,"male",20,35
2005,"male",20,42
2006,"male",20,36
2007,"male",20,39
2008,"male",20,38
2009,"male",20,48
2010,"male",20,52
2011,"male",20,67
2012,"male",20,82
2013,"male",20,72
2014,"male",20,67
2015,"male",20,57
2016,"male",20,50
2017,"male",20,53
2018,"male",20,44
2019,"male",20,54
2020,"male",20,52
2021,"male",20,60
2022,"male",20,55
2023,"male",20,57
2024,"male",20,52
1990,"male",25,55
1991,"male",25,57
1992,"male",25,45
1993,"male",25,53
1994,"male",25,55
1995,"male",25,39
1996,"male",25,42
1997,"male",25,45
1998,"male",25,46
1999,"male",25,47
2000,"male",25,42
2001,"male",25,46
2002,"male",25,49
2003,"male",25,48
2004,"male",25,41
2005,"male",25,50
2006,"male",25,43
2007,"male",25,46
2008,"male",25,51
2009,"male",25,59
2010,"male",25,67
2011,"male",25,69
2012,"male",25,82
2013,"male",25,68
2014,"male",25,63
2015,"male",25,51
2016,"male",25,50
2017,"male",25,55
2018,"male",25,55
2019,"male",25,62
2020,"male",25,67
2021,"male",25,73
2022,"male",25,67
2023,"male",25,63
2024,"male",25,65
1990,"male",30,50
1991,"male",30,48
1992,"male",30,50
1993,"male",30,56
1994,"male",30,51
1995,"male",30,50
1996,"male",30,44
1997,"male",30,43
1998,"male",30,47
1999,"male",30,45
2000,"male",30,43
2001,"male",30,52
2002,"male",30,47
2003,"male",30,49
2004,"male",30,49
2005,"male",30,50
2006,"male",30,54
2007,"male",30,62
2008,"male",30,57
2009,"male",30,73
2010,"male",30,78
2011,"male",30,81
2012,"male",30,84
2013,"male",30,73
2014,"male",30,71
2015,"male",30,59
2016,"male",30,58
2017,"male",30,60
2018,"male",30,58
2019,"male",30,68
2020,"male",30,96
2021,"male",30,84
2022,"male",30,78
2023,"male",30,80
2024,"male",30,80
1990,"male",35,50
1991,"male",35,52
1992,"male",35,50
1993,"male",35,55
1994,"male",35,53
1995,"male",35,54
1996,"male",35,58
1997,"male",35,56
1998,"male",35,67
1999,"male",35,57
2000,"male",35,51
2001,"male",35,64
2002,"male",35,56
2003,"male",35,65
2004,"male",35,57
2005,"male",35,60
2006,"male",35,69
2007,"male",35,71
2008,"male",35,66
2009,"male",35,76
2010,"male",35,95
2011,"male",35,87
2012,"male",35,101
2013,"male",35,105
2014,"male",35,91
2015,"male",35,82
2016,"male",35,83
2017,"male",35,81
2018,"male",35,80
2019,"male",35,81
2020,"male",35,130
2021,"male",35,118
2022,"male",35,94
2023,"male",35,84
2024,"male",35,102
1990,"male",40,69
1991,"male",40,63
1992,"male",40,56
1993,"male",40,62
1994,"male",40,62
1995,"male",40,61
1996,"male",40,68
1997,"male",40,72
1998,"male",40,73
1999,"male",40,60
2000,"male",40,76
2001,"male",40,75
2002,"male",40,77
2003,"male",40,84
2004,"male",40,79
2005,"male",40,85
2006,"male",40,86
2007,"male",40,82
2008,"male",40,86
2009,"male",40,97
2010,"male",40,94
2011,"male",40,103
2012,"male",40,101
2013,"male",40,126
2014,"male",40,110
2015,"male",40,114
2016,"male",40,119
2017,"male",40,108
2018,"male",40,125
2019,"male",40,118
2020,"male",40,200
2021,"male",40,179
2022,"male",40,131
2023,"male",40,134
2024,"male",40,126
1990,"male",45,78
1991,"male",45,80
1992,"male",45,79
1993,"male",45,86
1994,"male",45,77
1995,"male",45,93
1996,"male",45,78
1997,"male",45,99
1998,"male",45,90
1999,"male",45,93
2000,"male",45,97
2001,"male",45,98
2002,"male",45,99
2003,"male",45,102
2004,"male",45,94
2005,"male",45,119
2006,"male",45,112
2007,"male",45,127
2008,"male",45,125
2009,"male",45,127
2010,"male",45,136
2011,"male",45,138
2012,"male",45,134
2013,"male",45,142
2014,"male",45,152
2015,"male",45,152
2016,"male",45,166
2017,"male",45,163
2018,"male",45,165
2019,"male",45,186
2020,"male",45,307
2021,"male",45,261
2022,"male",45,215
2023,"male",45,195
2024,"male",45,203
1990,"male",50,11
1991,"male",50,11
1992,"male",50,11
1993,"male",50,12
1994,"male",50,13
1995,"male",50,13
1996,"male",50,13
1997,"male",50,13
1998,"male",50,13
1999,"male",50,13
2000,"male",50,14
2001,"male",50,14
2002,"male",50,16
2003,"male",50,16
2004,"male",50,15
2005,"male",50,17
2006,"male",50,17
2007,"male",50,18
2008,"male",50,18
2009,"male",50,21
2010,"male",50,20
2011,"male",50,21
2012,"male",50,21
2013,"male",50,25
2014,"male",50,23
2015,"male",50,24
2016,"male",50,23
2017,"male",50,25
2018,"male",50,24
2019,"male",50,26
2020,"male",50,46
2021,"male",50,37
2022,"male",50,30
2023,"male",50,28
2024,"male",50,31
1990,"male",55,15
1991,"male",55,15
1992,"male",55,17
1993,"male",55,16
1994,"male",55,15
1995,"male",55,16
1996,"male",55,17
1997,"male",55,17
1998,"male",55,17
1999,"male",55,18
2000,"male",55,19
2001,"male",55,20
2002,"male",55,19
2003,"male",55,20
2004,"male",55,20
2005,"male",55,22
2006,"male",55,21
2007,"male",55,24
2008,"male",55,24
2009,"male",55,25
2010,"male",55,25
2011,"male",55,25
2012,"male",55,26
2013,"male",55,28
2014,"male",55,31
2015,"male",55,31
2016,"male",55,32
2017,"male",55,33
2018,"male",55,33
2019,"male",55,33
2020,"male",55,63
2021,"male",55,49
2022,"male",55,39
2023,"male",55,38
2024,"male",55,37
1990,"male",60,17
1991,"male",60,19
1992,"male",60,19
1993,"male",60,21
1994,"male",60,20
1995,"male",60,21
1996,"male",60,21
1997,"male",60,22
1998,"male",60,22
1999,"male",60,23
2000,"male",60,23
2001,"male",60,22
2002,"male",60,25
2003,"male",60,25
2004,"male",60,25
2005,"male",60,27
2006,"male",60,28
2007,"male",60,28
2008,"male",60,29
2009,"male",60,33
2010,"male",60,31
2011,"male",60,31
2012,"male",60,33
2013,"male",60,33
2014,"male",60,37
2015,"male",60,35
2016,"male",60,37
2017,"male",60,38
2018,"male",60,39
2019,"male",60,42
2020,"male",60,79
2021,"male",60,64
2022,"male",60,52
2023,"male",60,47
2024,"male",60,49
1990,"male",65,20
1991,"male",65,21
1992,"male",65,23
1993,"male",65,22
1994,"male",65,22
1995,"male",65,21
1996,"male",65,25
1997,"male",65,25
1998,"male",65,25
1999,"male",65,24
2000,"male",65,25
2001,"male",65,29
2002,"male",65,29
2003,"male",65,31
2004,"male",65,29
2005,"male",65,32
2006,"male",65,32
2007,"male",65,31
2008,"male",65,32
2009,"male",65,33
2010,"male",65,34
2011,"male",65,35
2012,"male",65,34
2013,"male",65,38
2014,"male",65,38
2015,"male",65,40
2016,"male",65,43
2017,"male",65,42
2018,"male",65,42
2019,"male",65,46
2020,"male",65,80
2021,"male",65,65
2022,"male",65,57
2023,"male",65,52
2024,"male",65,55
1990,"male",70,19
1991,"male",70,22
1992,"male",70,22
1993,"male",70,23
1994,"male",70,24
1995,"male",70,25
1996,"male",70,27
1997,"male",70,27
1998,"male",70,28
1999,"male",70,27
2000,"male",70,29
2001,"male",70,27
2002,"male",70,31
2003,"male",70,33
2004,"male",70,32
2005,"male",70,36
2006,"male",70,35
2007,"male",70,36
2008,"male",70,38
2009,"male",70,40
2010,"male",70,40
2011,"male",70,40
2012,"male",70,39
2013,"male",70,40
2014,"male",70,43
2015,"male",70,43
2016,"male",70,47
2017,"male",70,48
2018,"male",70,46
2019,"male",70,50
2020,"male",70,83
2021,"male",70,71
2022,"male",70,62
2023,"male",70,56
2024,"male",70,55
1990,"male",75,23
1991,"male",75,20
1992,"male",75,22
1993,"male",75,20
1994,"male",75,20
1995,"male",75,23
1996,"male",75,23
1997,"male",75,27
1998,"male",75,28
1999,"male",75,26
2000,"male",75,28
2001,"male",75,31
2002,"male",75,31
2003,"male",75,33
2004,"male",75,32
2005,"male",75,36
2006,"male",75,34
2007,"male",75,37
2008,"male",75,37
2009,"male",75,38
2010,"male",75,38
2011,"male",75,41
2012,"male",75,42
2013,"male",75,44
2014,"male",75,46
2015,"male",75,47
2016,"male",75,49
2017,"male",75,44
2018,"male",75,48
2019,"male",75,53
2020,"male",75,82
2021,"male",75,68
2022,"male",75,61
2023,"male",75,55
2024,"male",75,58
1990,"male",80,23
1991,"male",80,24
1992,"male",80,23
1993,"male",80,22
1994,"male",80,25
1995,"male",80,23
1996,"male",80,26
1997,"male",80,23
1998,"male",80,24
1999,"male",80,20
2000,"male",80,23
2001,"male",80,25
2002,"male",80,28
2003,"male",80,30
2004,"male",80,30
2005,"male",80,33
2006,"male",80,32
2007,"male",80,32
2008,"male",80,35
2009,"male",80,36
2010,"male",80,40
2011,"male",80,36
2012,"male",80,38
2013,"male",80,40
2014,"male",80,43
2015,"male",80,44
2016,"male",80,46
2017,"male",80,45
2018,"male",80,50
2019,"male",80,49
2020,"male",80,72
2021,"male",80,61
2022,"male",80,60
2023,"male",80,53
2024,"male",80,52
1990,"male",85,34
1991,"male",85,33
1992,"male",85,33
1993,"male",85,33
1994,"male",85,32
1995,"male",85,40
1996,"male",85,43
1997,"male",85,42
1998,"male",85,41
1999,"male",85,39
2000,"male",85,40
2001,"male",85,43
2002,"male",85,41
2003,"male",85,45
2004,"male",85,42
2005,"male",85,48
2006,"male",85,44
2007,"male",85,47
2008,"male",85,52
2009,"male",85,52
2010,"male",85,61
2011,"male",85,55
2012,"male",85,54
2013,"male",85,60
2014,"male",85,65
2015,"male",85,68
2016,"male",85,65
2017,"male",85,70
2018,"male",85,75
2019,"male",85,73
2020,"male",85,97
2021,"male",85,86
2022,"male",85,92
2023,"male",85,83
2024,"male",85,83
1990,"female",0,14
1991,"female",0,12
1992,"female",0,12
1993,"female",0,11
1994,"female",0,10
1995,"female",0,9
1996,"female",0,9
1997,"female",0,10
1998,"female",0,8
1999,"female",0,8
2000,"female",0,8
2001,"female",0,8
2002,"female",0,8
2003,"female",0,7
2004,"female",0,6
2005,"female",0,7
2006,"female",0,6
2007,"female",0,8
2008,"female",0,6
2009,"female",0,6
2010,"female",0,8
2011,"female",0,7
2012,"female",0,11
2013,"female",0,10
2014,"female",0,12
2015,"female",0,10
2016,"female",0,11
2017,"female",0,10
2018,"female",0,9
2019,"female",0,9
2020,"female",0,7
2021,"female",0,8
2022,"female",0,8
2023,"female",0,8
2024,"female",0,7
1990,"female",1,3
1991,"female",1,2
1992,"female",1,2
1993,"female",1,2
1994,"female",1,1
1995,"female",1,1
1996,"female",1,2
1997,"female",1,2
1998,"female",1,1
1999,"female",1,1
2000,"female",1,1
2001,"female",1,1
2002,"female",1,1
2003,"female",1,1
2004,"female",1,1
2005,"female",1,1
2006,"female",1,1
2007,"female",1,1
2008,"female",1,1
2009,"female",1,1
2010,"female",1,1
2011,"female",1,1
2012,"female",1,2
2013,"female",1,1
2014,"female",1,2
2015,"female",1,2
2016,"female",1,2
2017,"female",1,2
2018,"female",1,1
2019,"female",1,1
2020,"female",1,1
2021,"female",1,1
2022,"female",1,1
2023,"female",1,1
2024,"female",1,1
1990,"female",5,1
1991,"female",5,1
1992,"female",5,1
1993,"female",5,1
1994,"female",5,1
1995,"female",5,1
1996,"female",5,1
1997,"female",5,1
1998,"female",5,1
1999,"female",5,1
2000,"female",5,1
2001,"female",5,1
2002,"female",5,1
2003,"female",5,1
2004,"female",5,1
2005,"female",5,1
2006,"female",5,1
2007,"female",5,1
2008,"female",5,1
2009,"female",5,1
2010,"female",5,1
2011,"female",5,1
2012,"female",5,1
2013,"female",5,1
2014,"female",5,1
2015,"female",5,1
2016,"female",5,1
2017,"female",5,1
2018,"female",5,1
2019,"female",5,1
2020,"female",5,1
2021,"female",5,1
2022,"female",5,1
2023,"female",5,1
2024,"female",5,1
1990,"female",10,2
1991,"female",10,1
1992,"female",10,1
1993,"female",10,1
1994,"female",10,1
1995,"female",10,1
1996,"female",10,1
1997,"female",10,1
1998,"female",10,1
1999,"female",10,1
2000,"female",10,1
2001,"female",10,1
2002,"female",10,1
2003,"female",10,1
2004,"female",10,1
2005,"female",10,1
2006,"female",10,1
2007,"female",10,1
2008,"female",10,1
2009,"female",10,1
2010,"female",10,1
2011,"female",10,1
2012,"female",10,1
2013,"female",10,1
2014,"female",10,1
2015,"female",10,1
2016,"female",10,1
2017,"female",10,1
2018,"female",10,1
2019,"female",10,1
2020,"female",10,1
2021,"female",10,1
2022,"female",10,1
2023,"female",10,1
2024,"female",10,1
1990,"female",15,3
1991,"female",15,3
1992,"female",15,3
1993,"female",15,3
1994,"female",15,4
1995,"female",15,2
1996,"female",15,3
1997,"female",15,3
1998,"female",15,3
1999,"female",15,3
2000,"female",15,3
2001,"female",15,3
2002,"female",15,2
2003,"female",15,2
2004,"female",15,2
2005,"female",15,2
2006,"female",15,2
2007,"female",15,3
2008,"female",15,3
2009,"female",15,3
2010,"female",15,4
2011,"female",15,4
2012,"female",15,5
2013,"female",15,4
2014,"female",15,4
2015,"female",15,3
2016,"female",15,3
2017,"female",15,3
2018,"female",15,3
2019,"female",15,2
2020,"female",15,3
2021,"female",15,2
2022,"female",15,2
2023,"female",15,3
2024,"female",15,2
1990,"female",20,4
1991,"female",20,4
1992,"female",20,4
1993,"female",20,5
1994,"female",20,5
1995,"female",20,4
1996,"female",20,4
1997,"female",20,4
1998,"female",20,4
1999,"female",20,3
2000,"female",20,3
2001,"female",20,3
2002,"female",20,4
2003,"female",20,3
2004,"female",20,3
2005,"female",20,4
2006,"female",20,3
2007,"female",20,3
2008,"female",20,3
2009,"female",20,4
2010,"female",20,5
2011,"female",20,6
2012,"female",20,8
2013,"female",20,7
2014,"female",20,6
2015,"female",20,5
2016,"female",20,4
2017,"female",20,4
2018,"female",20,4
2019,"female",20,5
2020,"female",20,4
2021,"female",20,4
2022,"female",20,4
2023,"female",20,5
2024,"female",20,4
1990,"female",25,4
1991,"female",25,5
1992,"female",25,4
1993,"female",25,4
1994,"female",25,5
1995,"female",25,3
1996,"female",25,4
1997,"female",25,4
1998,"female",25,4
1999,"female",25,4
2000,"female",25,3
2001,"female",25,4
2002,"female",25,4
2003,"female",25,4
2004,"female",25,3
2005,"female",25,4
2006,"female",25,4
2007,"female",25,4
2008,"female",25,4
2009,"female",25,5
2010,"female",25,6
2011,"female",25,6
2012,"female",25,7
2013,"female",25,6
2014,"female",25,5
2015,"female",25,4
2016,"female",25,4
2017,"female",25,4
2018,"female",25,4
2019,"female",25,5
2020,"female",25,5
2021,"female",25,6
2022,"female",25,5
2023,"female",25,5
2024,"female",25,5
1990,"female",30,4
1991,"female",30,4
1992,"female",30,4
1993,"female",30,4
1994,"female",30,4
1995,"female",30,4
1996,"female",30,3
1997,"female",30,3
1998,"female",30,4
1999,"female",30,3
2000,"female",30,3
2001,"female",30,4
2002,"female",30,4
2003,"female",30,4
2004,"female",30,4
2005,"female",30,4
2006,"female",30,4
2007,"female",30,5
2008,"female",30,5
2009,"female",30,6
2010,"female",30,6
2011,"female",30,7
2012,"female",30,7
2013,"female",30,6
2014,"female",30,6
2015,"female",30,5
2016,"female",30,4
2017,"female",30,4
2018,"female",30,4
2019,"female",30,5
2020,"female",30,7
2021,"female",30,6
2022,"female",30,6
2023,"female",30,6
2024,"female",30,6
1990,"female",35,4
1991,"female",35,4
1992,"female",35,4
1993,"female",35,4
1994,"female",35,4
1995,"female",35,4
1996,"female",35,4
1997,"female",35,4
1998,"female",35,5
1999,"female",35,4
2000,"female",35,4
2001,"female",35,4
2002,"female",35,4
2003,"female",35,4
2004,"female",35,4
2005,"female",35,4
2006,"female",35,5
2007,"female",35,5
2008,"female",35,5
2009,"female",35,6
2010,"female",35,7
2011,"female",35,7
2012,"female",35,8
2013,"female",35,8
2014,"female",35,7
2015,"female",35,6
2016,"female",35,6
2017,"female",35,6
2018,"female",35,6
2019,"female",35,6
2020,"female",35,10
2021,"female",35,9
2022,"female",35,7
2023,"female",35,7
2024,"female",35,7
1990,"female",40,5
1991,"female",40,4
1992,"female",40,4
1993,"female",40,5
1994,"female",40,4
1995,"female",40,4
1996,"female",40,5
1997,"female",40,5
1998,"female",40,5
1999,"female",40,4
2000,"female",40,5
2001,"female",40,5
2002,"female",40,5
2003,"female",40,6
2004,"female",40,5
2005,"female",40,6
2006,"female",40,6
2007,"female",40,6
2008,"female",40,6
2009,"female",40,7
2010,"female",40,7
2011,"female",40,8
2012,"female",40,7
2013,"female",40,9
2014,"female",40,8
2015,"female",40,8
2016,"female",40,8
2017,"female",40,8
2018,"female",40,8
2019,"female",40,9
2020,"female",40,14
2021,"female",40,12
2022,"female",40,9
2023,"female",40,9
2024,"female",40,9
1990,"female",45,5
1991,"female",45,6
1992,"female",45,5
1993,"female",45,6
1994,"female",45,5
1995,"female",45,6
1996,"female",45,6
1997,"female",45,6
1998,"female",45,6
1999,"female",45,6
2000,"female",45,6
2001,"female",45,6
2002,"female",45,7
2003,"female",45,6
2004,"female",45,6
2005,"female",45,8
2006,"female",45,7
2007,"female",45,9
2008,"female",45,9
2009,"female",45,9
2010,"female",45,9
2011,"female",45,10
2012,"female",45,9
2013,"female",45,9
2014,"female",45,11
2015,"female",45,10
2016,"female",45,11
2017,"female",45,10
2018,"female",45,11
2019,"female",45,12
2020,"female",45,22
2021,"female",45,17
2022,"female",45,14
2023,"female",45,14
2024,"female",45,14
1990,"female",50,7
1991,"female",50,7
1992,"female",50,7
1993,"female",50,7
1994,"female",50,7
1995,"female",50,7
1996,"female",50,7
1997,"female",50,8
1998,"female",50,8
1999,"female",50,7
2000,"female",50,8
2001,"female",50,8
2002,"female",50,9
2003,"female",50,9
2004,"female",50,8
2005,"female",50,10
2006,"female",50,10
2007,"female",50,10
2008,"female",50,10
2009,"female",50,12
2010,"female",50,12
2011,"female",50,13
2012,"female",50,12
2013,"female",50,14
2014,"female",50,14
2015,"female",50,14
2016,"female",50,14
2017,"female",50,15
2018,"female",50,15
2019,"female",50,15
2020,"female",50,28
2021,"female",50,21
2022,"female",50,18
2023,"female",50,17
2024,"female",50,18
1990,"female",55,9
1991,"female",55,8
1992,"female",55,9
1993,"female",55,10
1994,"female",55,9
1995,"female",55,8
1996,"female",55,9
1997,"female",55,9
1998,"female",55,9
1999,"female",55,10
2000,"female",55,11
2001,"female",55,11
2002,"female",55,10
2003,"female",55,11
2004,"female",55,11
2005,"female",55,11
2006,"female",55,12
2007,"female",55,13
2008,"female",55,14
2009,"female",55,13
2010,"female",55,14
2011,"female",55,14
2012,"female",55,15
2013,"female",55,16
2014,"female",55,18
2015,"female",55,18
2016,"female",55,18
2017,"female",55,19
2018,"female",55,18
2019,"female",55,19
2020,"female",55,36
2021,"female",55,28
2022,"female",55,22
2023,"female",55,23
2024,"female",55,22
1990,"female",60,10
1991,"female",60,11
1992,"female",60,11
1993,"female",60,12
1994,"female",60,11
1995,"female",60,11
1996,"female",60,12
1997,"female",60,12
1998,"female",60,11
1999,"female",60,13
2000,"female",60,13
2001,"female",60,13
2002,"female",60,14
2003,"female",60,14
2004,"female",60,14
2005,"female",60,14
2006,"female",60,15
2007,"female",60,15
2008,"female",60,17
2009,"female",60,17
2010,"female",60,17
2011,"female",60,17
2012,"female",60,18
2013,"female",60,18
2014,"female",60,20
2015,"female",60,21
2016,"female",60,21
2017,"female",60,20
2018,"female",60,22
2019,"female",60,24
2020,"female",60,45
2021,"female",60,37
2022,"female",60,29
2023,"female",60,28
2024,"female",60,28
1990,"female",65,11
1991,"female",65,11
1992,"female",65,13
1993,"female",65,12
1994,"female",65,12
1995,"female",65,11
1996,"female",65,13
1997,"female",65,14
1998,"female",65,14
1999,"female",65,13
2000,"female",65,14
2001,"female",65,16
2002,"female",65,16
2003,"female",65,16
2004,"female",65,16
2005,"female",65,18
2006,"female",65,17
2007,"female",65,16
2008,"female",65,18
2009,"female",65,19
2010,"female",65,19
2011,"female",65,20
2012,"female",65,19
2013,"female",65,21
2014,"female",65,22
2015,"female",65,22
2016,"female",65,23
2017,"female",65,24
2018,"female",65,24
2019,"female",65,26
2020,"female",65,47
2021,"female",65,38
2022,"female",65,32
2023,"female",65,29
2024,"female",65,31
1990,"female",70,11
1991,"female",70,12
1992,"female",70,13
1993,"female",70,12
1994,"female",70,13
1995,"female",70,14
1996,"female",70,15
1997,"female",70,15
1998,"female",70,15
1999,"female",70,14
2000,"female",70,16
2001,"female",70,15
2002,"female",70,16
2003,"female",70,18
2004,"female",70,17
2005,"female",70,20
2006,"female",70,20
2007,"female",70,20
2008,"female",70,21
2009,"female",70,22
2010,"female",70,21
2011,"female",70,22
2012,"female",70,21
2013,"female",70,22
2014,"female",70,24
2015,"female",70,23
2016,"female",70,26
2017,"female",70,25
2018,"female",70,25
2019,"female",70,27
2020,"female",70,48
2021,"female",70,39
2022,"female",70,34
2023,"female",70,31
2024,"female",70,32
1990,"female",75,13
1991,"female",75,11
1992,"female",75,11
1993,"female",75,11
1994,"female",75,10
1995,"female",75,12
1996,"female",75,12
1997,"female",75,15
1998,"female",75,15
1999,"female",75,15
2000,"female",75,15
2001,"female",75,16
2002,"female",75,17
2003,"female",75,17
2004,"female",75,17
2005,"female",75,19
2006,"female",75,18
2007,"female",75,19
2008,"female",75,20
2009,"female",75,21
2010,"female",75,22
2011,"female",75,22
2012,"female",75,22
2013,"female",75,23
2014,"female",75,25
2015,"female",75,24
2016,"female",75,26
2017,"female",75,23
2018,"female",75,25
2019,"female",75,27
2020,"female",75,46
2021,"female",75,37
2022,"female",75,33
2023,"female",75,30
2024,"female",75,31
1990,"female",80,13
1991,"female",80,13
1992,"female",80,12
1993,"female",80,12
1994,"female",80,13
1995,"female",80,12
1996,"female",80,12
1997,"female",80,12
1998,"female",80,12
1999,"female",80,10
2000,"female",80,12
2001,"female",80,12
2002,"female",80,14
2003,"female",80,15
2004,"female",80,15
2005,"female",80,17
2006,"female",80,17
2007,"female",80,17
2008,"female",80,17
2009,"female",80,17
2010,"female",80,21
2011,"female",80,18
2012,"female",80,19
2013,"female",80,21
2014,"female",80,22
2015,"female",80,21
2016,"female",80,23
2017,"female",80,25
2018,"female",80,25
2019,"female",80,26
2020,"female",80,38
2021,"female",80,31
2022,"female",80,31
2023,"female",80,27
2024,"female",80,26
1990,"female",85,14
1991,"female",85,15
1992,"female",85,16
1993,"female",85,15
1994,"female",85,14
1995,"female",85,19
1996,"female",85,20
1997,"female",85,19
1998,"female",85,18
1999,"female",85,18
2000,"female",85,18
2001,"female",85,18
2002,"female",85,17
2003,"female",85,20
2004,"female",85,18
2005,"female",85,21
2006,"female",85,19
2007,"female",85,20
2008,"female",85,22
2009,"female",85,23
2010,"female",85,26
2011,"female",85,24
2012,"female",85,25
2013,"female",85,28
2014,"female",85,29
2015,"female",85,30
2016,"female",85,28
2017,"female",85,30
2018,"female",85,31
2019,"female",85,31
2020,"female",85,44
2021,"female",85,41
2022,"female",85,41
2023,"female",85,34
2024,"female",85,34
