"year","sex","x","n","mx","ax","qx","px","lx","dx","Lx","Tx","ex"
2010,"female",5,5,0.000314069810068564,0.053879395468192,0.00156791341106736,0.998432086588933,1e+05,156.791341106727,499224.49111714,6638626.42174156,66.3862642174156
2010,"female",10,5,0.000415423766146396,1.52152324202832,0.0020741216380277,0.997925878361972,99843.2086588933,207.086959489534,498495.696119003,6139401.93062442,61.4904309776263
2010,"female",15,5,0.00138608637450871,2.5,0.00690649936089433,0.993093500639106,99636.1216994037,688.136810838914,496460.266469921,5640906.23450542,56.61507230805
2010,"female",20,5,0.00214415756139921,2.5,0.010663626568151,0.989336373431849,98947.9848885648,1055.14436052271,492102.063541517,5144445.96803549,51.9914172464368
2010,"female",25,5,0.00257068055070071,2.5,0.012771325259873,0.987228674740127,97892.8405280421,1250.22130699651,486338.649372719,4652343.90449398,47.5248637121862
2010,"female",30,5,0.00280636130037187,2.5,0.013934046579166,0.986065953420834,96642.6192210456,1346.62275775865,479846.539210831,4166005.25512126,43.107329754718
2010,"female",35,5,0.00300272955284455,2.5,0.0149017827059199,0.98509821729408,95295.996463287,1420.08023204001,472929.781736335,3686158.71591043,38.6811498144156
2010,"female",40,5,0.00387652560416278,2.5,0.0191965878599349,0.980803412140065,93875.9162312469,1802.09727386502,464874.337971572,3213228.93417409,34.2284694858143
2010,"female",45,5,0.00576502595048498,2.5,0.0284155882433716,0.971584411756628,92073.8189573819,2616.3317274877,453828.26546819,2748354.59620252,29.8494689079275
2010,"female",50,5,0.00921382368465183,2.5,0.0450318300671689,0.954968169932831,89457.4872298942,4028.43436317254,437216.35024154,2294526.33073433,25.6493492248188
2010,"female",55,5,0.0141183134269147,2.5,0.0681849267185638,0.931815073281436,85429.0528667217,5824.97370935373,412582.830060224,1857309.98049279,21.7409642055893
2010,"female",60,5,0.0210361702713052,2.5,0.099925715445065,0.900074284554935,79604.079157368,7954.49456214558,378134.159381476,1444727.15043257,18.1489085198324
2010,"female",65,5,0.0326534431802707,2.5,0.150945028613422,0.849054971386578,71649.5845952224,10815.1485968656,331210.051483948,1066592.99105109,14.8862411007224
2010,"female",70,5,0.0473284494645489,2.5,0.211604915901061,0.788395084098939,60834.4359983567,12872.8657133207,271990.015708482,735382.939567141,12.0882675658735
2010,"female",75,5,0.0733159487439979,2.5,0.309797077147097,0.690202922852903,47961.570285036,14858.3542896892,202661.965700957,463392.92385866,9.66175463198372
2010,"female",80,5,0.0976809111555637,2.5,0.392544334998739,0.607455665001261,33103.2159953468,12994.479909213,133029.880203701,260730.958157703,7.87630296084685
2010,"female",85,NA,0.15746723840011,NA,1,0,20108.7360861338,20108.7360861338,127701.077954001,127701.077954001,6.35052732339847
2010,"male",5,5,0.000535363316700384,0.0464369151420238,0.00266973655971383,0.997330263440286,1e+05,266.973655971378,498677.529153151,5893375.27256588,58.9337527256587
2010,"male",10,5,0.000677189158476036,1.64949241690017,0.00337828071865669,0.996621719281343,99733.0263440286,336.926159911309,497536.258066416,5394697.74341272,54.0913871880689
2010,"male",15,5,0.00185646121048035,2.5,0.00923942446956448,0.990760575530436,99396.1001841173,918.362760220421,494684.594020036,4897161.48534631,49.2691511666454
2010,"male",20,5,0.00265392942046483,2.5,0.0131821856266725,0.986817814373327,98477.7374238969,1298.15181481652,489143.307582443,4402476.89132627,44.7053009796096
2010,"male",25,5,0.00339870056956207,2.5,0.016850329784223,0.983149670215777,97179.5856090804,1637.50806580714,481804.157880884,3913333.58374383,40.2690910772743
2010,"male",30,5,0.00398327158658272,2.5,0.0197199828148281,0.980280017185172,95542.0775432732,1884.08812724632,473000.16739825,3431529.42586295,35.9164204306603
2010,"male",35,5,0.00454785737353443,2.5,0.0224836557190573,0.977516344280943,93657.9894160269,2105.77398936906,463025.512106712,2958529.2584647,31.5886479830671
2010,"male",40,5,0.00620206616151006,2.5,0.0305368518684199,0.96946314813158,91552.2154266579,2795.71644070953,450771.786031515,2495503.74635798,27.2577100917577
2010,"male",45,5,0.010034951106565,2.5,0.0489468084585648,0.951053191541435,88756.4989859483,4344.34735531801,432921.626541447,2044731.96032647,23.0375463621
2010,"male",50,5,0.0167189984808706,2.5,0.0802411147167224,0.919758885283278,84412.1516306303,6773.32514247877,405127.445296955,1611810.33378502,19.0945296695902
2010,"male",55,5,0.0264002466651114,2.5,0.123828477453231,0.876171522546769,77638.8264881515,9613.89767528337,364159.388252549,1206682.88848807,15.5422607871619
2010,"male",60,5,0.0412119527653512,2.5,0.186812494571147,0.813187505428853,68024.9288128682,12707.9066445566,308354.877452949,842523.500235517,12.3855109433961
2010,"male",65,5,0.0624504493557192,2.5,0.270084933175974,0.729915066824026,55317.0221683116,14940.2942358223,239234.375252002,534168.622782568,9.65649635219459
2010,"male",70,5,0.0961787972330318,2.5,0.387677981281659,0.61232201871834,40376.7279324893,15653.1683756262,162750.718723381,294934.247530566,7.30456038992812
2010,"male",75,5,0.146493097119473,2.5,0.536120576423116,0.463879423576884,24723.559556863,13254.8090008567,90480.7752821736,132183.528807185,5.34646026609433
2010,"male",80,5,0.23969671764066,2.5,0.749407370807571,0.250592629192429,11468.7505560064,8594.76620062461,35856.8372784704,41702.7535250114,3.63620721554284
2010,"male",85,NA,0.491622567648364,NA,1,0,2873.98435538177,2873.98435538177,5845.916246541,5845.916246541,2.03408074772364
2019,"female",5,5,0.000238753050993455,0.0536685085427817,0.00119235713873577,0.998807642861264,1e+05,119.235713873582,499410.220633561,6803480.56631662,68.0348056631662
2019,"female",10,5,0.000322398557789401,1.52163757286859,0.00161018709449741,0.998389812905503,99880.7642861264,160.826717642049,498844.407818707,6304070.34568306,63.1159602225702
2019,"female",15,5,0.000956694899544702,2.5,0.00477206098171969,0.99522793901828,99719.9375684844,475.869623170089,497410.013784497,5805225.93786435,58.2152985593028
2019,"female",20,5,0.00161268091528636,2.5,0.00803102587105076,0.991968974128949,99244.0679453143,797.03167721715,494227.760533529,5307815.92407986,53.4824502256859
2019,"female",25,5,0.00195231617953905,2.5,0.00971416807891717,0.990285831921083,98447.0362680971,956.33105717953,489844.353697537,4813588.16354633,48.8952064584013
2019,"female",30,5,0.00215889947245095,2.5,0.0107365495344401,0.98926345046556,97490.7052109176,1046.71378564453,484836.741590477,4323743.80984879,44.3503183251627
2019,"female",35,5,0.00262589997320082,2.5,0.0130438701205044,0.986956129879496,96443.9914252731,1258.0028980543,479074.94988123,3838907.06825832,39.8045229311438
2019,"female",40,5,0.00384039490053399,2.5,0.0190193697759229,0.980980630224077,95185.9885272188,1810.37751328593,471403.998852879,3359832.11837709,35.2975492544928
2019,"female",45,5,0.00567009133835181,2.5,0.0279541995301923,0.972045800469808,93375.6110139328,2610.24046153709,460352.453915822,2888428.11952421,30.9334320617534
2019,"female",50,5,0.00820767588906314,2.5,0.0402132364178948,0.959786763582105,90765.3705523957,3649.96930458133,444701.929500525,2428075.66560839,26.7511238133131
2019,"female",55,5,0.0129905946959267,2.5,0.0629098815458076,0.937090118454192,87115.4012478144,5480.41957331549,421875.957305783,1983373.73610786,22.7671996879842
2019,"female",60,5,0.0191770479349133,2.5,0.0914985590427221,0.908501440957278,81634.9816744989,7469.48319069568,389501.200395755,1561497.77880208,19.1278021599637
2019,"female",65,5,0.0290606180134159,2.5,0.135461595836825,0.864538404163175,74165.4984838032,10046.5767806496,345711.050467392,1171996.57840632,15.8024499580795
2019,"female",70,5,0.041613437840914,2.5,0.188460922042435,0.811539077957566,64118.9217031536,12083.911104543,290384.830754411,826285.52793893,12.8867658093865
2019,"female",75,5,0.064218596658903,2.5,0.276673951113119,0.723326048886881,52035.0105986106,14396.7319785306,224183.223046727,535900.697184519,10.2988486217168
2019,"female",80,5,0.0943177808925529,2.5,0.38160788277634,0.61839211722366,37638.27862008,14363.0638155547,152283.733561513,311717.474137792,8.28192695219306
2019,"female",85,NA,0.145986757385207,NA,1,0,23275.2148045253,23275.2148045253,159433.740576279,159433.740576279,6.84993637718356
2019,"male",5,5,0.000465818550190188,0.0462502569887105,0.00232373062976769,0.997676269370232,1e+05,232.373062976767,498848.881998996,6031033.42122531,60.3103342122531
2019,"male",10,5,0.000595082744898887,1.64968825496266,0.00296949340774662,0.997030506592253,99767.6269370232,296.259310496011,497845.573637585,5532184.53922631,55.4506978773627
2019,"male",15,5,0.00143196442889586,2.5,0.00713428204917896,0.992865717950821,99471.3676265272,709.656792465219,495582.696151473,5034338.96558873,50.6109354451678
2019,"male",20,5,0.00207005000200862,2.5,0.0102969619448068,0.989703038055193,98761.710834062,1016.94557806235,491266.190225154,4538756.26943725,45.956638773332
2019,"male",25,5,0.00268321588721832,2.5,0.0133266835137714,0.986673316486229,97744.7652559996,1302.61355169458,485467.292400762,4047490.0792121,41.4087656624012
2019,"male",30,5,0.00315519370327448,2.5,0.0156525018283492,0.984347498171651,96442.1517043051,1509.56095588156,478436.856131821,3562022.78681134,36.934294018373
2019,"male",35,5,0.00409933101887674,2.5,0.0202887295484547,0.979711270451545,94932.5907484235,1926.0616590289,469847.799594545,3083585.93067952,32.4818474495359
2019,"male",40,5,0.00638702440400629,2.5,0.0314332103165611,0.968566789683439,93006.5290893946,2923.4937896803,457723.910972772,2613738.13108497,28.1027381268334
2019,"male",45,5,0.00986807118122185,2.5,0.048152426964035,0.951847573035965,90083.0352997143,4337.71677796807,439570.884553651,2156014.2201122,23.933632042248
2019,"male",50,5,0.0147620318280279,2.5,0.0711831397052691,0.928816860294731,85745.3185217462,6103.62098740626,413467.540140215,1716443.33555855,20.017924770123
2019,"male",55,5,0.0242909690566946,2.5,0.114501466343719,0.885498533656281,79641.69753434,9119.0911497849,375410.759797238,1302975.79541833,16.36047241279
2019,"male",60,5,0.0362617758924238,2.5,0.166238611293626,0.833761388706374,70522.6063845551,11723.5801501754,323304.081547337,927565.035621095,13.1527333315383
2019,"male",65,5,0.0558579124263004,2.5,0.245067205827347,0.754932794172653,58799.0262343796,14409.7130646283,257970.848510327,604260.954073758,10.2767170269981
2019,"male",70,5,0.0830377942826298,2.5,0.343814895088907,0.656185104911093,44389.3131697513,15261.7070505267,183792.29822244,346290.105563431,7.80120440789804
2019,"male",75,5,0.136652831887316,2.5,0.509278340735598,0.490721659264402,29127.6061192246,14834.0589139988,108552.883311126,162497.807340991,5.57882466124601
2019,"male",80,5,0.226236557119994,2.5,0.72252746840726,0.27747253159274,14293.5472052259,10327.4804767515,45649.0348342505,53944.9240298643,3.77407534010463
2019,"male",85,NA,0.478076145299926,NA,1,0,3966.06672847435,3966.06672847435,8295.8891956138,8295.8891956138,2.09171699912498
2021,"female",5,5,0.000284929145233793,0.0537978016066546,0.00142264077410704,0.998577359225893,1e+05,142.264077410699,499296.333107559,6419914.70816841,64.1991470816841
2021,"female",10,5,0.000306818018788673,1.52156747755754,0.00153245458825863,0.998467545411741,99857.7359225893,153.027445587693,498756.383969388,5920618.37506086,59.2905328802025
2021,"female",15,5,0.000811925474438788,2.5,0.00405140377735875,0.995948596222641,99704.7084770016,403.944032544183,497513.682303648,5421861.99109147,54.3791970701374
2021,"female",20,5,0.00166255756615057,2.5,0.00827837962405426,0.991721620375946,99300.7644444574,822.049425030011,494448.698659712,4924348.30878782,49.5902356476036
2021,"female",25,5,0.00235374253730496,2.5,0.0116998665028534,0.988300133497147,98478.7150194274,1152.18781909984,489513.105549388,4429899.61012811,44.9833206013523
2021,"female",30,5,0.00274206509724846,2.5,0.0136169788799506,0.986383021120049,97326.5272003276,1325.2932653458,483319.402838273,3940386.50457872,40.4862540350197
2021,"female",35,5,0.00392839631404298,2.5,0.019450953930898,0.980549046069102,96001.2339349818,1867.31557857869,475337.880728462,3457067.10174045,36.0106527805861
2021,"female",40,5,0.00533712732639347,2.5,0.0263342633407268,0.973665736659273,94133.9183564031,2478.94739529199,464472.223293785,2981729.22101199,31.6753968502913
2021,"female",45,5,0.0080046105332074,2.5,0.0392378435270447,0.960762156472955,91654.9709611111,3596.3434090479,449283.996282936,2517256.9977182,27.4644896105664
2021,"female",50,5,0.0111474072797694,2.5,0.0542258425197075,0.945774157480293,88058.6275520632,4775.05327013976,428355.504584967,2067973.00143526,23.484047604678
2021,"female",55,5,0.0183691832563727,2.5,0.0878132711085283,0.912186728891472,83283.5742819234,7313.40308730578,398134.363691353,1639617.4968503,19.6871653382698
2021,"female",60,5,0.0280413358247461,2.5,0.131021625613406,0.868978374386594,75970.1711946177,9953.73532804758,354966.517652969,1241483.13315895,16.3417182512141
2021,"female",65,5,0.0409877367042961,2.5,0.185890596462461,0.814109403537539,66016.4358665701,12271.8346395625,299402.592733944,886516.615505976,13.428725799402
2021,"female",70,5,0.0582677164669406,2.5,0.254295532385136,0.745704467614864,53744.6012270076,13667.0119818487,234555.476180416,587114.022772031,10.9241488329622
2021,"female",75,5,0.0839043106312112,2.5,0.346780587764409,0.653219412235591,40077.5892451589,13898.1299546167,165642.621339252,352558.546591615,8.79690004393671
2021,"female",80,5,0.109114275125877,2.5,0.428643550012024,0.571356449987976,26179.4592905421,11221.6563676932,102843.155533478,186915.925252363,7.13979319350916
2021,"female",85,NA,0.177914953591554,NA,1,0,14957.8029228489,14957.8029228489,84072.7697188854,84072.7697188854,5.62066301799307
2021,"male",5,5,0.000505459441811601,0.0463566531418223,0.00252098500092925,0.997479014999071,1e+05,252.098500092921,498751.193942262,5690715.16132133,56.9071516132133
2021,"male",10,5,0.000509929190774751,1.64957662621186,0.00254529736758761,0.997454702632412,99747.9014999071,253.888071110094,497888.874971762,5191963.96737907,52.0508591088897
2021,"male",15,5,0.00128079462461036,2.5,0.00638353313573612,0.993616466864264,99494.013428797,635.123331530107,495882.25881516,4694075.09240731,47.1794727204027
2021,"male",20,5,0.00244136439932845,2.5,0.012132770710448,0.987867229289552,98858.8900972669,1199.43224623952,491295.869870736,4198192.83359215,42.4665179779134
2021,"male",25,5,0.00322131325422507,2.5,0.015977891784674,0.984022108215326,97659.4578510274,1560.39224929365,484396.308631903,3706896.96372141,37.9573780695775
2021,"male",30,5,0.00417280795998849,2.5,0.0206486328511322,0.979351367148868,96099.0656017337,1984.31432294707,475534.542201301,3222500.65508951,33.5331112213371
2021,"male",35,5,0.00594781719036048,2.5,0.029303358404666,0.970696641595334,94114.7512787866,2757.87828788828,463679.060674212,2746966.11288821,29.1874129779204
2021,"male",40,5,0.00903675233225285,2.5,0.0441855274897766,0.955814472510223,91356.8729908984,4036.65162291937,446692.735897193,2283287.052214,24.993051726294
2021,"male",45,5,0.0137474765955617,2.5,0.066453464362756,0.933546535637244,87320.221367979,5802.73121882496,422094.278792833,1836594.3163168,21.0328637232509
2021,"male",50,5,0.0206450553275155,2.5,0.0981590301183557,0.901840969881644,81517.490149154,8001.67777072356,387583.256318961,1414500.03752397,17.3521048665242
2021,"male",55,5,0.0339501466393886,2.5,0.156470262320713,0.843529737679287,73515.8123784305,11503.0384475734,338821.465773219,1026916.78120501,13.9686517496243
2021,"male",60,5,0.052944118559442,2.5,0.233777706299961,0.766222293700039,62012.7739308571,14497.2040508538,273820.859527151,688095.315431792,11.0960254124256
2021,"male",65,5,0.0754962564875464,2.5,0.317547217070567,0.682452782929433,47515.5698800033,15088.4369829171,199856.756942724,414274.455904641,8.71870961351948
2021,"male",70,5,0.113940864063734,2.5,0.443400679069583,0.556599320930417,32427.1328970862,14378.2127468476,126190.132618312,214417.698961917,6.61229284878233
2021,"male",75,5,0.171156946222843,2.5,0.599334201762695,0.400665798237305,18048.9201502386,10817.3351509218,63201.2628738882,88227.5663436056,4.88824625568746
2021,"male",80,5,0.257220431672515,2.5,0.782752389538263,0.217247610461737,7231.58499931671,5660.54043836422,22006.573900673,25026.3034697174,3.46069409017277
2021,"male",85,NA,0.520260018333249,NA,1,0,1571.0445609525,1571.0445609525,3019.7295690444,3019.7295690444,1.92211579741163
