"year","age","sex","N","deaths","mx","ax","qx","lx","dx","Lx","Tx","ex"
2010,5,"F",134913.110990511,46.8282828282828,0.000347,0.5,0.000347,1e+05,35,99983,1957084,19.57
2010,10,"F",134055.676163066,54.4426229508197,0.000406,0.5,0.000406,99965,41,99945,1857102,18.58
2010,15,"F",131448.080549509,175,0.001331,0.5,0.00133,99925,133,99858,1757157,17.58
2010,20,"F",116472.245461473,229.247311827957,0.001968,0.5,0.001966,99792,196,99694,1657298,16.61
2010,25,"F",107659.055848972,288.960817717206,0.002684,0.5,0.00268,99596,267,99462,1557605,15.64
2010,30,"F",111926.981802877,320.317557251908,0.002862,0.5,0.002858,99329,284,99187,1458143,14.68
2010,35,"F",110058.09383624,369.217847769029,0.003355,0.5,0.003349,99045,332,98879,1358956,13.72
2010,40,"F",92611.9269072648,331.868383404864,0.003583,0.5,0.003577,98713,353,98536,1260077,12.77
2010,45,"F",78595.9695635152,452.184265010352,0.005753,0.5,0.005737,98360,564,98078,1161541,11.81
2010,50,"F",66093.3478715499,599.4984375,0.00907,0.5,0.00903,97796,883,97354,1063463,10.87
2010,55,"F",48976.0071786487,694.901909150757,0.014189,0.5,0.014089,96913,1365,96230,966109,9.97
2010,60,"F",40708.7321495145,850.163066954644,0.020884,0.5,0.020668,95547,1975,94560,869879,9.1
2010,65,"F",29306.2119750417,947.05596107056,0.032316,0.5,0.031802,93572,2976,92085,775319,8.29
2010,70,"F",22784.8575714465,1063.49658119658,0.046676,0.5,0.045611,90597,4132,88531,683234,7.54
2010,75,"F",14644.6630358466,1078.56532877882,0.073649,0.5,0.071033,86464,6142,83393,594704,6.88
2010,80,"F",9582.48833582941,1039.08344141807,0.108436,0.5,0.102859,80323,8262,76192,511310,6.37
2010,85,"F",7740.17763929388,1281.86267491051,0.165612,0.5,1,72061,72061,435119,435119,6.04
2010,5,"M",140019.302500579,75.1717171717172,0.000537,0.5,0.000537,1e+05,54,99973,1561705,15.62
2010,10,"M",138282.514266927,107.55737704918,0.000778,0.5,0.000778,99946,78,99907,1461732,14.63
2010,15,"M",134557.94561437,245,0.001821,0.5,0.001819,99869,182,99778,1361824,13.64
2010,20,"M",117284.63907157,290.752688172043,0.002479,0.5,0.002476,99687,247,99564,1262047,12.66
2010,25,"M",105896.244262344,371.039182282794,0.003504,0.5,0.003498,99440,348,99266,1162483,11.69
2010,30,"M",107757.097100815,431.682442748092,0.004006,0.5,0.003998,99092,396,98894,1063217,10.73
2010,35,"M",105000.062642041,526.782152230971,0.005017,0.5,0.005004,98696,494,98449,964323,9.77
2010,40,"M",87764.4341823563,524.131616595136,0.005972,0.5,0.005954,98202,585,97910,865873,8.82
2010,45,"M",74096.9093554458,757.815734989648,0.010227,0.5,0.010175,97618,993,97121,767964,7.87
2010,50,"M",61907.2695752338,1002.5015625,0.016194,0.5,0.016064,96624,1552,95848,670843,6.94
2010,55,"M",47696.8288551544,1267.09809084924,0.026566,0.5,0.026217,95072,2493,93826,574995,6.05
2010,60,"M",38087.1100166244,1531.83693304536,0.040219,0.5,0.039426,92580,3650,90754,481169,5.2
2010,65,"M",27270.4406455651,1682.94403892944,0.061713,0.5,0.059866,88929,5324,86268,390414,4.39
2010,70,"M",20742.2156504264,1982.50341880342,0.095578,0.5,0.091219,83606,7626,79792,304147,3.64
2010,75,"M",13413.4600250473,1921.43467122118,0.143247,0.5,0.133673,75979,10156,70901,224354,2.95
2010,80,"M",7770.8217835409,2010.91655858193,0.258778,0.5,0.229131,65823,15082,58282,153453,2.33
2010,85,"M",5705.9536868546,3042.13732508949,0.533151,0.5,1,50741,50741,95171,95171,1.88
2019,5,"F",136011.489505475,30.9189189189189,0.000227,0.5,0.000227,1e+05,23,99989,2041715,20.42
2019,10,"F",132263.866593627,39.0697674418605,0.000295,0.5,0.000295,99977,30,99963,1941726,19.42
2019,15,"F",132625.072587758,118.728,0.000895,0.5,0.000895,99948,89,99903,1841764,18.43
2019,20,"F",129829.157639549,229.623931623932,0.001769,0.5,0.001767,99858,176,99770,1741861,17.44
2019,25,"F",122380.969413302,253.487475915222,0.002071,0.5,0.002069,99682,206,99579,1642090,16.47
2019,30,"F",113561.218154325,265.93795620438,0.002342,0.5,0.002339,99476,233,99359,1542512,15.51
2019,35,"F",110466.946370987,285.036666666667,0.00258,0.5,0.002577,99243,256,99115,1443152,14.54
2019,40,"F",110410.279385828,431.507214206437,0.003908,0.5,0.003901,98987,386,98794,1344037,13.58
2019,45,"F",102439.619275713,601.53441608662,0.005872,0.5,0.005855,98601,577,98312,1245243,12.63
2019,50,"F",89812.6511318274,744.624766645924,0.008291,0.5,0.008257,98024,809,97619,1146931,11.7
2019,55,"F",71152.4880007631,928.623260437376,0.013051,0.5,0.012967,97214,1261,96584,1049312,10.79
2019,60,"F",59938.1398585307,1190.7264957265,0.019866,0.5,0.019671,95954,1887,95010,952728,9.93
2019,65,"F",42621.7451333678,1296.625,0.030422,0.5,0.029966,94066,2819,92657,857718,9.12
2019,70,"F",31489.863629247,1358.66150740242,0.043146,0.5,0.042235,91248,3854,89321,765061,8.38
2019,75,"F",20468.1640780525,1365.75346077785,0.066726,0.5,0.064571,87394,5643,84572,675740,7.73
2019,80,"F",13333.1298058846,1280.75538298623,0.096058,0.5,0.091656,81751,7493,78004,591168,7.23
2019,85,"F",10655.2642111448,1541.87837837838,0.144706,0.5,1,74258,74258,513163,513163,6.91
2019,5,"M",140670.314403859,73.0810810810811,0.00052,0.5,0.000519,1e+05,52,99974,1588960,15.89
2019,10,"M",136717.659619569,72.9302325581395,0.000533,0.5,0.000533,99948,53,99921,1488986,14.9
2019,15,"M",136957.500861084,187.272,0.001367,0.5,0.001366,99895,137,99827,1389065,13.91
2019,20,"M",132666.84136157,302.376068376068,0.002279,0.5,0.002277,99758,227,99645,1289238,12.92
2019,25,"M",121523.450610147,344.512524084778,0.002835,0.5,0.002831,99531,282,99390,1189594,11.95
2019,30,"M",110875.204166604,376.06204379562,0.003392,0.5,0.003386,99249,336,99081,1090203,10.98
2019,35,"M",109267.791847555,448.963333333333,0.004109,0.5,0.0041,98913,406,98711,991122,10.02
2019,40,"M",105680.029288247,654.492785793563,0.006193,0.5,0.006174,98508,608,98204,892411,9.06
2019,45,"M",98819.514384571,1032.46558391338,0.010448,0.5,0.010394,97900,1018,97391,794208,8.11
2019,50,"M",84530.834461638,1297.37523335408,0.015348,0.5,0.015231,96882,1476,96144,696817,7.19
2019,55,"M",67419.5773315167,1641.37673956262,0.024346,0.5,0.024053,95406,2295,94259,600673,6.3
2019,60,"M",55749.1564892106,2087.2735042735,0.03744,0.5,0.036752,93112,3422,91401,506414,5.44
2019,65,"M",39553.6755608101,2311.375,0.058436,0.5,0.056777,89690,5092,87143,415013,4.63
2019,70,"M",28777.2397844789,2483.33849259758,0.086295,0.5,0.082726,84597,6998,81098,327870,3.88
2019,75,"M",18415.7414959279,2626.24653922215,0.142609,0.5,0.133117,77599,10330,72434,246772,3.18
2019,80,"M",10928.5997622623,2429.24461701377,0.222283,0.5,0.200049,67269,13457,60541,174338,2.59
2019,85,"M",7757.07502913742,3668.12162162162,0.472874,0.5,1,53812,53812,113798,113798,2.11
2021,5,"F",136256.785454183,38.8235294117647,0.000285,0.5,0.000285,1e+05,28,99986,1894551,18.95
2021,10,"F",131868.950443911,40.4597701149425,0.000307,0.5,0.000307,99972,31,99956,1794566,17.95
2021,15,"F",132888.054265237,107.89519650655,0.000812,0.5,0.000812,99941,81,99900,1694610,16.96
2021,20,"F",132999.488474138,221.119305856833,0.001663,0.5,0.001661,99860,166,99777,1594709,15.97
2021,25,"F",125916.753041211,296.375617792422,0.002354,0.5,0.002351,99694,234,99577,1494932,15
2021,30,"F",113927.610030265,312.396923076923,0.002742,0.5,0.002738,99459,272,99323,1395356,14.03
2021,35,"F",110558.008553419,434.315673289183,0.003928,0.5,0.003921,99187,389,98993,1296033,13.07
2021,40,"F",114808.628392316,612.748267898383,0.005337,0.5,0.005323,98798,526,98535,1197040,12.12
2021,45,"F",108652.20672195,869.718598382749,0.008005,0.5,0.007973,98272,783,97881,1098505,11.18
2021,50,"F",96146.3982375607,1071.78305963699,0.011147,0.5,0.011086,97489,1081,96948,1000624,10.26
2021,55,"F",77310.0630324445,1420.1227154047,0.018369,0.5,0.018202,96408,1755,95531,903675,9.37
2021,60,"F",65319.0830451788,1831.63434343434,0.028041,0.5,0.027654,94653,2618,93345,808145,8.54
2021,65,"F",46321.2701215947,1898.6040235525,0.040988,0.5,0.040165,92036,3697,90188,714800,7.77
2021,70,"F",33837.5131875475,1971.63462435838,0.058268,0.5,0.056618,88339,5002,85838,624613,7.07
2021,75,"F",22049.0504497351,1850.01037805782,0.083904,0.5,0.080526,83338,6711,79982,538774,6.46
2021,80,"F",14348.6397268187,1565.64142283419,0.109114,0.5,0.103469,76627,7929,72662,458792,5.99
2021,85,"F",11439.6206226992,2035.27957219251,0.177915,0.5,1,68698,68698,386130,386130,5.62
2021,5,"M",140815.394274037,71.1764705882353,0.000505,0.5,0.000505,1e+05,51,99975,1533485,15.33
2021,10,"M",136372.326085908,69.5402298850575,0.00051,0.5,0.00051,99949,51,99924,1433510,14.34
2021,15,"M",137496.519824187,176.10480349345,0.001281,0.5,0.00128,99899,128,99835,1333586,13.35
2021,20,"M",136350.269642145,332.880694143167,0.002441,0.5,0.002438,99771,243,99649,1233751,12.37
2021,25,"M",125298.085083214,403.624382207578,0.003221,0.5,0.003216,99527,320,99367,1134102,11.39
2021,30,"M",111580.279128005,465.603076923077,0.004173,0.5,0.004164,99207,413,99001,1034735,10.43
2021,35,"M",110239.488828519,655.684326710817,0.005948,0.5,0.00593,98794,586,98501,935734,9.47
2021,40,"M",110133.784296543,995.251732101617,0.009037,0.5,0.008996,98208,883,97767,837233,8.53
2021,45,"M",105348.890143579,1448.28140161725,0.013747,0.5,0.013654,97325,1329,96660,739467,7.6
2021,50,"M",90589.098004034,1870.21694036301,0.020645,0.5,0.020434,95996,1962,95015,642806,6.7
2021,55,"M",72809.031161222,2471.8772845953,0.03395,0.5,0.033383,94034,3139,92465,547791,5.83
2021,60,"M",60674.6460980182,3212.36565656566,0.052944,0.5,0.051579,90895,4688,88551,455326,5.01
2021,65,"M",42961.0172390802,3243.3959764475,0.075496,0.5,0.07275,86207,6272,83071,366775,4.25
2021,70,"M",30949.0840237012,3526.36537564162,0.113941,0.5,0.107799,79935,8617,75627,283704,3.55
2021,75,"M",19759.5814635469,3381.98962194218,0.171157,0.5,0.157664,71318,11244,65696,208077,2.92
2021,80,"M",11788.9491027156,3032.35857716581,0.25722,0.5,0.227909,60074,13691,53228,142381,2.37
2021,85,"M",8304.9249904879,4320.72042780749,0.52026,0.5,1,46383,46383,89153,89153,1.92
